era,session,block_number,name,stash_address,controller_address,commission_percent,self_stake,total_stake,num_stakers,voters
63,419,1002481,,14TFQiKmAXBqozphG4Njjhbic5Ggqt3eekFN7CAojyCALKEx,15AbLsUh4GB4RXCR8ZvkZfEJyB5FpiAy8XihMLBc5q3C76Dk,100.00,100000000000,40000100000000000,1,12
63,419,1002481,Zug Capital / 06,1zugcabYjgfQdMLC3cAzQ8tJZMo45tMnGpivpAzpxB4CZyK,1zugcabYjgfQdMLC3cAzQ8tJZMo45tMnGpivpAzpxB4CZyK,0.00,10000000000,25775495318923037,13,490
63,419,1002481,Polkadot.pro - Realgar,1REAJ1k691g5Eqqg9gL7vvZCBG7FCCZ8zgQkZWd4va5ESih,1ZMbuCR3QiatxRsQdNnJYgydn3CWV4PELcTzpH4TNoNjxno,1.00,5151086645355279,33313868571140968,13,231
63,419,1002481,Able Wanderer / 游낻 Cat-4,14oLVPbdykTPoez6r8MJDj4fTb93ZZ2KgoLhsv5dJ7gLXB2y,14oLVPbdykTPoez6r8MJDj4fTb93ZZ2KgoLhsv5dJ7gLXB2y,100.00,10000000000,21492656387426566,2,8
63,419,1002481,Ryabina /  2,14xKzzU1ZYDnzFj7FgdtDAYSMJNARjDc2gNw4XAFDgr4uXgp,138XcczGTenuuGPR9q3YcLCrxh3xMzCpvE6vA7nTr6H6LvuY,1.00,4423101721494,30135828054033485,10,171
63,419,1002481,Zug Capital / 19,1zugcag7cJVBtVRnFxv5Qftn7xKAnR6YJ9x4x3XLgGgmNnS,1zugcag7cJVBtVRnFxv5Qftn7xKAnR6YJ9x4x3XLgGgmNnS,0.00,10000000000,25775334037280280,12,452
63,419,1002481,,1Y6WgLRtW6JxmZjSNYsJ9b6JzuF8Kdd7t9kUNiYk9SJXraW,13imYRgo7fnXpMWugVdTzKV1CgyurdJnmiipjJG5c3LF8Mpz,100.00,100000000000,40020100000000000,2,11
63,419,1002481,,13NYekugyqfjAhMTsoZdimKHvBZKfqptDEA5qNKHzZoc1R4W,15TuwVcXp5xAckjeyGgPDDScBN5MPbRybxVf2rAR69iGuMvP,20.00,70725764592743,20715697318923114,2,4
63,419,1002481,,12LKeuFyyjC94iXpHftt3UVu567ji5WyKE6MvDBDWVJUuuJJ,12LKeuFyyjC94iXpHftt3UVu567ji5WyKE6MvDBDWVJUuuJJ,10.00,3811056237298,21754527496833094,4,48
63,419,1002481,General-Beck / General-Beck,15MUBwP6dyVw5CXF9PjSSv7SdXQuDSwjX86v1kBodCSWVR7c,15FetbcSf55WhDyaj8uvo7oWjSxFDaSZMHsCTe8Usddq9AjG,3.00,1055774261632263,30430527042287745,2,121
63,419,1002481,Staker Space,16SpacegeUTft9v3ts27CEC3tJaxgvE4uZeCctThFH3Vb24p,14SPACEEpRuNmjaQFp5tDSv6kHjvDeSexdq9Hg62EJZW3EhA,1.00,146142879023925,33312190390122822,8,187
63,419,1002481,Zug Capital / 08,1zugcajKZ8XwjWvC5QZWcrpjfnjZZ9FfxRB9f5Hy6GdXBpZ,1zugcajKZ8XwjWvC5QZWcrpjfnjZZ9FfxRB9f5Hy6GdXBpZ,0.00,10000000000,25777691076518327,33,432
63,419,1002481,,12woCF72ik4rYzm8gUagTkEBw4S1zE4rRnAk7SaiHbbV9tDy,12woCF72ik4rYzm8gUagTkEBw4S1zE4rRnAk7SaiHbbV9tDy,100.00,374807749143742,20364804858230490,1,20
63,419,1002481,Hypersphere / Hypersphere-8,15K979wvzHuepoL6XXgqdVRNhj7EgLLGvfVnKobzHmxrrwDR,15K979wvzHuepoL6XXgqdVRNhj7EgLLGvfVnKobzHmxrrwDR,7.00,10000000000,22240457382459671,6,25
63,419,1002481,,16VW8qAsdpQkGj3VeennjAYfRfL9kSQed2bLyiFWT7JHwkMh,158nm75dyvuge5qfFihFL919csUVjJrDugQHvuckZQVfSPjg,100.00,100000000000,40000100000000000,1,8
63,419,1002481,,1oAzPf1r4hzF5qZV6gn8mmgNW9oCi9SWok4AABKQGUF5GQ9,14u22FeJjrECmyECj4x5rpYnhJTwaMw1VnAcXgGG9EnhZti3,100.00,100000000000,20009829510948348,2,3
63,419,1002481,Able Wanderer / 游내 Mouse-2,12HTVpN7smNqUwbM5ART7dpoEV1rcY8itrKKMCzGikrJJo6A,12HTVpN7smNqUwbM5ART7dpoEV1rcY8itrKKMCzGikrJJo6A,100.00,10000000000,21473426762048157,1,7
63,419,1002481,Zug Capital / 04,1zugcaebzKgKLebGSQvtxpmPGCZLFoEVu6AfqwD7W5ZKQZt,1zugcaebzKgKLebGSQvtxpmPGCZLFoEVu6AfqwD7W5ZKQZt,0.00,10000000000,25775303792952969,8,384
63,419,1002481,,14AvAa9VXp7iPh5Ga8ZEHMJKsfTjZcx7yRX28fcTEBxv9xKZ,14AvAa9VXp7iPh5Ga8ZEHMJKsfTjZcx7yRX28fcTEBxv9xKZ,100.00,40000000000,25876079701909420,2,3
63,419,1002481,P2P.ORG / 2,16DKyH4fggEXeGwCytqM19e9NFGkgR2neZPDJ5ta8BKpPbPK,15PP1q9YKBAy2t6mBBpLbSxYmFLEn6mM1RVdaJSjYjp4wZvF,3.00,15994484050724,30099929512239177,5,172
63,419,1002481,,133oKX5ZFB89mfwd7T6qUsoLGYfoh63UBced6p6byBp64Kke,14racaZXJ3HdjZUaGcAMGUWg3fBtwmdpRCbuMSLaoNJpr6ji,100.00,100000000000,40000100000000000,1,2
63,419,1002481,,12JuquJFPqUjRPubieEiXZqRjVn16LCMcHnnC7AywGX49ddt,14cKManQKuDp6HE9FhyppMT1he6mV6EyXgcETbXQLABTY8gS,20.00,70606578080120,20712540820105373,3,4
63,419,1002481,Zug Capital / 18,1zugcacYFxX3HveFpJVUShjfb3KyaomfVqMTFoxYuUWCdD8,1zugcacYFxX3HveFpJVUShjfb3KyaomfVqMTFoxYuUWCdD8,0.00,10000000000,25777901842563363,27,241
63,419,1002481,,12BnjhUwTsSx7h54dr9qFxWfrT2ZAdetSPozAbUGsztbooR9,12BnjhUwTsSx7h54dr9qFxWfrT2ZAdetSPozAbUGsztbooR9,10.00,10000000000,21769188810232385,3,31
63,419,1002481,federico / val-1,121kyZuzZxpZf5nFkNKwBVtxz7hEiDtofesZuE3EsRheKpXu,15PRNHsJr2X97aQyFcB2rwcpSXpvSuZPe5rxH9QWUGjFkGQR,5.00,28326093979070,30435185736706815,4,79
63,419,1002481,,1588rgxKKhmVUDrfMHJFrW1yYcABdpQMYYComcemNfn6XVnK,1588rgxKKhmVUDrfMHJFrW1yYcABdpQMYYComcemNfn6XVnK,100.00,100000000000,20762621675440604,4,44
63,419,1002481,Zug Capital / 07,1zugcaj4mBMu7EULN4rafT5UTfBjbvqaoypZyxWa3io6qJS,1zugcaj4mBMu7EULN4rafT5UTfBjbvqaoypZyxWa3io6qJS,0.00,10000000000,25776785916392964,33,309
63,419,1002481,,1w7UoHMRC6zg99knXxCAANXuJDQcQTYiPqaR6xENcWjmboH,16HXDmozaTh2Qympsd4bk3o929kmFjWHU1KHpkPUhrBnJH1h,100.00,100000000000,40000100000000000,1,2
63,419,1002481,,15uBfpvbPWSUaiLjrgT3H389axNwLkduKA3GB88C1fqbWLpz,15uBfpvbPWSUaiLjrgT3H389axNwLkduKA3GB88C1fqbWLpz,10.00,4220585331925,21755160715140639,1,47
63,419,1002481,Wei,14ShUZUYUR35RBZW6uVVt1zXDxmSQddkeDdXf1JkMA6P721N,16knCdWHWokjeciJuassAub21PHi3YTt94um4DjRJSRtF7sh,0.10,2238880461654813,30136155216227049,8,140
63,419,1002481,Able Wanderer / 游내 Mouse-11,13AtGSHJaDZrLHELmK6iKAuaAKHcetrH73N2KEb5M5SX1yDR,13AtGSHJaDZrLHELmK6iKAuaAKHcetrH73N2KEb5M5SX1yDR,100.00,10000000000,21473426762048157,1,6
63,419,1002481,Zug Capital / 22,1zugcakrhr3ZR7q7B8WKuaZY5BjZAU43m79xEyhNQwLTFjb,1zugcakrhr3ZR7q7B8WKuaZY5BjZAU43m79xEyhNQwLTFjb,0.00,10000000000,25776319814072239,12,380
63,419,1002481,,14bARWgpfEiURUS7sGGb54V6mvteRhYWDovcjnFMsLfxRxVV,14bARWgpfEiURUS7sGGb54V6mvteRhYWDovcjnFMsLfxRxVV,100.00,190220842909306,33311669294170300,1,5
63,419,1002481,Able Wanderer / 游낻 Pussy Galore-2,165LPQijvZdnmxcuCfxGWvcoSVtoJnCFm1UjjijzsSGGAk22,165LPQijvZdnmxcuCfxGWvcoSVtoJnCFm1UjjijzsSGGAk22,5.00,10000000000,25776707809645549,12,18
63,419,1002481,,1nTfEEWASm1x6D16FPLLjPFC42Fb7Q5zLovrxQpPQe6j86s,1nTfEEWASm1x6D16FPLLjPFC42Fb7Q5zLovrxQpPQe6j86s,100.00,152941220575974,20364890303295132,1,20
63,419,1002481,,14dv1F9is1AFxwWVNg4biriUMn8MGeAkNUyeNiyYLJ1sfD3a,123dLGmygymhWRLGb9xEX28J5Wr3smKoAXHTikJdWQBFfzkr,100.00,100000000000,40000100000000000,1,2
63,419,1002481,Hypersphere / Hypersphere-6,139ANth4tdC4cHRWvesuxkuYNWfq9wgFmxV5C98fy8Xmyg8E,139ANth4tdC4cHRWvesuxkuYNWfq9wgFmxV5C98fy8Xmyg8E,100.00,10000000000,22239897846189059,1,5
63,419,1002481,,1ymFTWD7p8UbkTP85WKXjvBktYG51utKTUw88CiVHTqo4Hw,14bGmwgUr5WeX8gjZdTFCcbhcABabVt4KicDqmnYQVeJVHn8,100.00,100000000000,20008680670013377,2,2
63,419,1002481,IOSG Ventures,1RG5T6zGY4XovW75mTgpH6Bx7Y6uwwMmPToMCJSdMwdm4EW,1RG5T6zGY4XovW75mTgpH6Bx7Y6uwwMmPToMCJSdMwdm4EW,5.00,56637966650806,25775136423115425,9,82
63,419,1002481,,1Dy7FYbwhvCY2VPDk5DDduxC5zpYHbUz1DvuZ4avZSp7sgD,1juipekHurx2KqmCTbYNvpnw7UaeNa3QvUuSmxbRJCNirry,20.00,67940714001184,20713047406723948,1,4
63,419,1002481,,12jiWV8yksQuvzEyh98z2BegL7sd8W2NzUcE1Noni9bjKtsg,12jiWV8yksQuvzEyh98z2BegL7sd8W2NzUcE1Noni9bjKtsg,100.00,23806828979941,30431979801487468,3,8
63,419,1002481,Zug Capital / 13,1zugcarJnZ4ft2PiJoGg6DgmZjnKNBrcKTFrAzhGPCX6bJ5,1zugcarJnZ4ft2PiJoGg6DgmZjnKNBrcKTFrAzhGPCX6bJ5,0.00,10000000000,25776036364448509,58,249
63,419,1002481,Zug Capital / 00,1zugcapKRuHy2C1PceJxTvXWiq6FHEDm2xa5XSU7KYP3rJE,1zugcapKRuHy2C1PceJxTvXWiq6FHEDm2xa5XSU7KYP3rJE,0.00,100000000000,25777597023983283,14,206
63,419,1002481,,16WU9RRW2XjnfzrdMJa2JHmXfeCyWGRayWHNQCT8r16KnrQd,1KzypLCh61N1rxHXYSy4Gha2Ud9BL5vK5sdJFvyfAkjEN7g,100.00,100000000000,40000100000000000,1,1
63,419,1002481,,14gRuVzZSsFLWHCsere3DXbTwon4BK381LFbjWdG3HGvELKv,14gRuVzZSsFLWHCsere3DXbTwon4BK381LFbjWdG3HGvELKv,100.00,10000000000,21280738713150530,1,1
63,419,1002481,,1CnnkaqNJWLeny9GMB2D66xQBbZGJBuPYsqdFzj3eGrMQRu,1CnnkaqNJWLeny9GMB2D66xQBbZGJBuPYsqdFzj3eGrMQRu,100.00,45568454538575,30100119226028247,1,6
63,419,1002481,P2P.ORG / 4,11uMPbeaEDJhUxzU4ZfWW9VQEsryP9XqFcNRfPdYda6aFWJ,11uMPbeaEDJhUxzU4ZfWW9VQEsryP9XqFcNRfPdYda6aFWJ,0.00,23845757817999,25776426336154036,37,365
63,419,1002481,Able Wanderer / 游내 Mouse-7,12BJ7EMWbr7fGVu2DspPtGbxCCdJUfAMVbJtCm6xPEf4WGiS,12BJ7EMWbr7fGVu2DspPtGbxCCdJUfAMVbJtCm6xPEf4WGiS,100.00,10000000000,21474350238736657,2,6
63,419,1002481,,13BU2AX77ncdj8pqCDBYTbGShY38be7u2s6Ht436ANdRJhZq,13BU2AX77ncdj8pqCDBYTbGShY38be7u2s6Ht436ANdRJhZq,100.00,10000000000,25873884285394864,1,2
63,419,1002481,,14ianQU2g46wntbuJxx6u9cM6s8uvLngW1y9xKCcnejBHdTy,14ianQU2g46wntbuJxx6u9cM6s8uvLngW1y9xKCcnejBHdTy,10.00,2333459537458,21753497030017503,3,43
63,419,1002481,,148YtoGH1R5N1TrXucBw1Pic3TkZgimENXtbjRPFofTH8dBR,1pe5UVjxJZFVt2jTMdcPo6b1z6Yip8deeL6HWp2R6kHUsdW,100.00,100000000000,40000100000000000,1,1
63,419,1002481,Zug Capital / 01,1zugcaaaDTLhG77kp7PBPpWiaUWTND9oKNcNM94StNStnuw,1zugcaaaDTLhG77kp7PBPpWiaUWTND9oKNcNM94StNStnuw,0.00,10000000000,25776812575094987,39,324
63,419,1002481,,14jSaRfswZxfYtFGCmjYLh3wFDEa47HmgaAyc7tU7KadZ8Pg,1ZSxPzVShiaDJXULDUMtiN81wpMAvRE7b6Y8dfyfEnZM5ic,20.00,58880745277624,20712039351687097,1,4
63,419,1002481,,126psKUiNKidXPNJRkD9TYcZdruX4dymU3vsQ6g9GM4YtEis,126psKUiNKidXPNJRkD9TYcZdruX4dymU3vsQ6g9GM4YtEis,100.00,10000000000,33312179525862474,1,4
63,419,1002481,Staking4All 游볼 / Staking4All 游볼,14cxMDpBNLsNEXWyCzked3zghzaYWXwoqGT4h12GqQXdVhmn,12rsYhw5KztSoJKhLUy7EK1EHnbz8d2zEa264ccp7W47pmqo,0.00,20146779553,25775646370891624,34,449
63,419,1002481,Cryptium Labs / 1,12C9U6zSSoZ6pgwR2ksFyBLgQH6v7dkqqPCRyHceoP8MJRo2,167tpLGdytfEjeZYpRJGUt6XU4TiURHeNBNCoVFGvz3Haz9W,5.00,7734202073242,25775300260287476,18,96
63,419,1002481,,15thjfpZX1xVcsnfya1oXmbXzau2on5abAc4XXYP62SNwwQQ,15thjfpZX1xVcsnfya1oXmbXzau2on5abAc4XXYP62SNwwQQ,100.00,152632210297144,20363665194320948,2,20
63,419,1002481,,1LDcQr7LaqTHwfiZMk6iiR4yGTc1fsRsrrLKMuuT8joHMZZ,13JXNSJc8KggnixNztqgVjJ4MuAGiHNrJ7ETnZsHpxCHHK7w,100.00,100000000000,40000100000000000,1,1
63,419,1002481,Hypersphere / Hypersphere-1,14yttAARJ6yJRzVBSvrqni3yNgjQ6hmewtC2fJkLTQQydmHD,14yttAARJ6yJRzVBSvrqni3yNgjQ6hmewtC2fJkLTQQydmHD,100.00,10000000000,22239897846189059,1,4
63,419,1002481,,12imvKbAU8s48GesMbA9FMsUm7hSj3hypP393M6BjhVXYTcC,13WGNgZt1atQ9BSsSETGCm8cizGe9cjRiH98Yire6nNWvcKW,100.00,100000000000,20030895111939177,2,2
63,419,1002481,,14VUZtu4u1xXPnYw2RomYhEKyZD73x1zuN33mAf9imCvuxtA,14VUZtu4u1xXPnYw2RomYhEKyZD73x1zuN33mAf9imCvuxtA,100.00,10273127684807,30431487892053069,1,5
63,419,1002481,Able Wanderer / 游내 Mouse-12,126CY11joFMpakVSRra9LtNFYWuUzbtA9BcGPpaEvn7R8RkN,126CY11joFMpakVSRra9LtNFYWuUzbtA9BcGPpaEvn7R8RkN,100.00,10000000000,21473726334782940,1,6
63,419,1002481,,14rQ1hLYKueojsjvYdsQDjLjqq3nFrniHgpD9a28t9eHofxU,14rQ1hLYKueojsjvYdsQDjLjqq3nFrniHgpD9a28t9eHofxU,10.00,10000000000,21771516160399963,5,25
63,419,1002481,P2P.ORG / 3,15qomv8YFTpHrbiJKicP4oXfxRDyG4XEHZH7jdfJScnw2xnV,15qomv8YFTpHrbiJKicP4oXfxRDyG4XEHZH7jdfJScnw2xnV,0.00,215814090223485,25776387222344347,18,277
63,419,1002481,,1124RsfEgJEZvEq4HbtGFcpqoxnqSy79EjNZY9tzPct3AB6o,1124RsfEgJEZvEq4HbtGFcpqoxnqSy79EjNZY9tzPct3AB6o,100.00,100000000000,20762674624246586,7,43
63,419,1002481,8btc-pool,14qurJxuGnRA4RrNPjZ3hHhCuoFcda6CkhV9wLAYhbedPQkH,14qurJxuGnRA4RrNPjZ3hHhCuoFcda6CkhV9wLAYhbedPQkH,2.00,3111142487105285,25776038798557491,17,142
63,419,1002481,,13Awx8ztFrFyf7TbKGPoCW8HqGcgCrn5Fe5qsiwDjyt3ZcJ1,13Awx8ztFrFyf7TbKGPoCW8HqGcgCrn5Fe5qsiwDjyt3ZcJ1,100.00,10000000000,30101773845253476,2,4
63,419,1002481,,1eojWGUywrfCANuTNHNQmwVR4435YRLpSND7uZDRTwY7fPT,1eojWGUywrfCANuTNHNQmwVR4435YRLpSND7uZDRTwY7fPT,100.00,10000000000,25771960103191210,1,2
63,419,1002481,,15cxZZjXGTW9Pubd11yeUjuHoqnVrY9hr5guGmDBEJzAcQUD,154iWpsGBSpC5FzDoBLHkxUvkughEEjnTwkPrsCY88zkX447,100.00,100000000000,40000100000000000,1,1
63,419,1002481,,112Ji3ASaU21FGa4ymrjvyZrDv8LbW9tF5NLUksdLdJkjY7E,112Ji3ASaU21FGa4ymrjvyZrDv8LbW9tF5NLUksdLdJkjY7E,10.00,10000000000,21754173220286802,4,40
63,419,1002481,,14Q1ZF3JnjMQkxgepZz6cw2ShLuhXqVqpPM3xoyXEeY7WzsC,149WYEEzHFhLUghZvLKtWtzoE4BDe7LcrQ8ADtTCxM7mApwK,20.00,70219704134570,20715326396857334,1,2
63,419,1002481,Zug Capital / 23,1zugcajGg5yDD9TEqKKzGx7iKuGWZMkRbYcyaFnaUaEkwMK,1zugcajGg5yDD9TEqKKzGx7iKuGWZMkRbYcyaFnaUaEkwMK,0.00,10000000000,25778617777402274,21,411
63,419,1002481,DokiaCapital,1WG3jyNqniQMRZGQUc7QD2kVLT8hkRPGMSqAb5XYQM1UDxN,1WG3jyNqniQMRZGQUc7QD2kVLT8hkRPGMSqAb5XYQM1UDxN,10.00,5000000000000000,25775307825005936,6,79
63,419,1002481,,13wDksmrR71VFGeCHH7xWYvi5dzqtTpneypW3TNxkzqno1ur,14GWTsE9vFDNCBDpjxtSNLszLmJbvD9ZF8E6NV14x1gvC6ew,100.00,100000000000,40000100000000000,1,1
63,419,1002481,,15KRBVtLZM7QRceX61nfwXJgWSHR5YEqDFPLR4susRM7rz2U,15KRBVtLZM7QRceX61nfwXJgWSHR5YEqDFPLR4susRM7rz2U,100.00,10000000000,33311794429578457,1,3
63,419,1002481,Able Wanderer / 游낻 Cat-2,1UXHrSXuGyjZeq1ZaJqXnwxySUk3depQANWBTaZHX833DQc,1UXHrSXuGyjZeq1ZaJqXnwxySUk3depQANWBTaZHX833DQc,100.00,10000000000,21474702912184329,2,6
63,419,1002481,Zug Capital / 03,1zugca8p9rquswKkHtVKmzR6Z8R9PAmj8MGL1x3HArdAp1J,1zugca8p9rquswKkHtVKmzR6Z8R9PAmj8MGL1x3HArdAp1J,0.00,10000000000,25777316009718239,20,233
63,419,1002481,,12N5Xurx14fVoYyv7tGfYychJWBCsHiEDjpyGn5XfL7PwL4d,12N5Xurx14fVoYyv7tGfYychJWBCsHiEDjpyGn5XfL7PwL4d,100.00,10000000000,25874195339884776,1,2
63,419,1002481,,13xZwV54UbBm6tZfJMBxkPH9LZLqDbq387w4R2qrii69Dgjg,13xZwV54UbBm6tZfJMBxkPH9LZLqDbq387w4R2qrii69Dgjg,100.00,137838682239791,20375254447494998,2,20
63,419,1002481,Zug Capital / 10,1zugcacan4nrJ3HPBmiBgEn2XvRMbehqvmzSQXT3uLBDkh3,1zugcacan4nrJ3HPBmiBgEn2XvRMbehqvmzSQXT3uLBDkh3,0.00,10000000000,25774764901031985,20,365
63,419,1002481,,14q4f6CVXWbn2x6si2VayXoZ85augv3nAuHZc1Kc2jeFNnPe,16P1dBPXJqKB5Uf5boT4BabHqH433puVgcKyvXX8sFHfFK9M,100.00,100000000000,40000100000000000,1,1
63,419,1002481,Hypersphere / Hypersphere-4,13ajBbvHmdDMak4J8sX9GxkuP82o89YGFJPjsGaQoxpPWAjj,13ajBbvHmdDMak4J8sX9GxkuP82o89YGFJPjsGaQoxpPWAjj,100.00,10000000000,22241422222476539,2,4
63,419,1002481,,14LoxdARuKPDR6kW2TqT7WWKJyjk2vDghmtLSanyggSSbv3g,12PR7T35EGLcnLtG4gqDrmTEm3rWApghKa7VhMZ6cPZuEb4w,100.00,100000000000,20007729510948348,1,1
63,419,1002481,,12jm44LqjMrxupiBYVfENUA4TY6Krf49EpbFU5swc2hKNbFh,12jm44LqjMrxupiBYVfENUA4TY6Krf49EpbFU5swc2hKNbFh,100.00,10000000000,30431057744617897,1,3
63,419,1002481,,14UnU9iNpaunKPyPPQc2ckDQP84UPsndbhHURK77iKPrdbKj,16XipBFFH6k68pCgBeYfsJRwqRjDBF216joBYDc9eNNxo7PH,20.00,69967510065067,20715074202787831,1,2
63,419,1002481,,13W8fgmJvTZ578FpeQZqVtnPt7YJYV8oF1yXA49LijG7kNaW,13W8fgmJvTZ578FpeQZqVtnPt7YJYV8oF1yXA49LijG7kNaW,10.00,832047772107,21755001830196284,9,39
63,419,1002481,,1KPfsQbEQzetjYbQFPAmJ5XXN8G4Jh3toBQW41H4x7wTczu,1KPfsQbEQzetjYbQFPAmJ5XXN8G4Jh3toBQW41H4x7wTczu,100.00,10000000000,30100748891539050,1,3
63,419,1002481,P2P.ORG,14QBQABMSFBsT3pDTaEQdshq7ZLmhzKiae2weZH45pw5ErYu,14QBQABMSFBsT3pDTaEQdshq7ZLmhzKiae2weZH45pw5ErYu,0.00,26045637907277,25776442599438198,20,221
63,419,1002481,,16NCSbjNt8PnpccX3UDAzJTAEuDLScZTLvJFZ5U68hrowQx6,14F6pY4NazcTjcDLtomDzWyY5tJaKyv7crhrM8oa599ZBBiK,100.00,100000000000,40000100000000000,1,1
63,419,1002481,Able Wanderer / 游낻 Cat-3,155VVGqaxRKRruVD9J8urHDsd7XiaToCxiTwQ9QxsxMGtJ9j,155VVGqaxRKRruVD9J8urHDsd7XiaToCxiTwQ9QxsxMGtJ9j,100.00,10000000000,21473457928587778,1,6
63,419,1002481,Zug Capital / 05,1zugcabTuN7rs1bFYb33gRemtg67i4Mvp1twW85nQKiwhwQ,1zugcabTuN7rs1bFYb33gRemtg67i4Mvp1twW85nQKiwhwQ,0.00,10000000000,25775567682980988,21,408
63,419,1002481,WEB3ITALYDOT,16QFrtU6kDdBjxY8qEKz5EEfuDkHxqG8pix3wSGKQzRcuWHo,16QFrtU6kDdBjxY8qEKz5EEfuDkHxqG8pix3wSGKQzRcuWHo,1.00,1011439361150567,25775694446327624,19,158
63,419,1002481,,15GKe1eRMAco1go8NNEvAy2CompMTBdJR3Fpmyk55FoajY7W,15GKe1eRMAco1go8NNEvAy2CompMTBdJR3Fpmyk55FoajY7W,100.00,10000000000,33312179525862474,1,3
63,419,1002481,,1FCu68ZwBHNzZLcGa92eHwvR61hk3MpjrhiqN96xF9vWS1Q,13gAjcC56upxCdaNS69jB7rvGDzimcztTm9Jxhfgma8w9jor,100.00,100000000000,40000100000000000,1,1
63,419,1002481,,156G1ZiWHeSvLYwgbfNCknU8NfTkGZvEVvcrFs2Dn5Zm6Lus,156G1ZiWHeSvLYwgbfNCknU8NfTkGZvEVvcrFs2Dn5Zm6Lus,100.00,10000000000,21280738713150530,1,1
63,419,1002481,Zug Capital / 15,1zugcaxRrQDr7ktb6SpjVMkywys2ysoZWBfUfs9CDPwFVHC,1zugcaxRrQDr7ktb6SpjVMkywys2ysoZWBfUfs9CDPwFVHC,0.00,10000000000,25774967112710217,6,19
63,419,1002481,,15aeYDFLANtjEJu4YtPhe6aoycTi8g6fBeAZjeNN4ixcSrZj,15aeYDFLANtjEJu4YtPhe6aoycTi8g6fBeAZjeNN4ixcSrZj,10.00,10000000000,21770121006605167,3,16
63,419,1002481,,1A2ATy1FEu5yQ9ZzghPLsRckPQ7XLmq5MJQYcTvGnxGvCho,1A2ATy1FEu5yQ9ZzghPLsRckPQ7XLmq5MJQYcTvGnxGvCho,8.00,10000000000,25777036919367757,10,21
63,419,1002481,P2P.ORG / 23,129TM37DNpyJqtRYYimSMp8aQZ8QW7Jg3b4qtSrRqjgAChQf,12F5b1CEARBViMk66kk5Etd7ZfQhWpUpQGVuxheGGo4S4q2H,0.00,4073859188552,25776522462029571,12,308
63,419,1002481,,16LqQSto6QrpmKgqXWqc8HvpGvcY5tzo6wqQy97q7qQkKF3E,16LqQSto6QrpmKgqXWqc8HvpGvcY5tzo6wqQy97q7qQkKF3E,100.00,100000000000,20764496368352789,4,43
63,419,1002481,,13AdjhixkXvnwywK12VzYHzhM78jdFiKXTof1ppAaoysyWQB,137gvypasWxQcqcUjyZa4PUKVeKsBAUXRKreQMi1hpJHNhfS,20.00,62709183104108,20715867789513581,1,3
63,419,1002481,Able Wanderer / 游낻 Cat-5,11MJU5Q1rQh5BKuuECePhSAutv3WEVx6f2x9eZk9HXkCC1e,11MJU5Q1rQh5BKuuECePhSAutv3WEVx6f2x9eZk9HXkCC1e,100.00,10000000000,21490010344258316,2,4
63,419,1002481,,136cybB7an16AkdtrzPbzPaFNcnf1Xs1YfczWGqXb5oaviYe,136cybB7an16AkdtrzPbzPaFNcnf1Xs1YfczWGqXb5oaviYe,100.00,10000000000,25772472281548683,1,2
63,419,1002481,,12RVY2KvBCyBuKXNEpjqWVFaePhURwubBXqcyXKsEKdhhujG,12RVY2KvBCyBuKXNEpjqWVFaePhURwubBXqcyXKsEKdhhujG,100.00,83910000000000,20365069913206683,1,20
63,419,1002481,,16aKQCnTTG4Tym85E1kVmWQd7ypRDxztk6Tx4HAL8AUdwPok,16aKQCnTTG4Tym85E1kVmWQd7ypRDxztk6Tx4HAL8AUdwPok,100.00,10000000000,30431093543144884,1,3
63,419,1002481,,12eiHNkmLaaDMGx6z3P4tbiojWK6g1hKku1N6pxmrxbhGuau,12Xa6g2xFjQ9e8exZTJCpSvFa7XTRM4b4uUCQJoLESAKYYZZ,100.00,100000000000,40000100000000000,1,1
63,419,1002481,,12n6PpScSThLK3WLj7wv64ancFWfg6PxGoAsh8scKS5eqsap,13a6CiUA7u9nd65vr6FCTHgMYrsqtWPfubM8v33w2UB3JYSj,100.00,100000000000,20007729510948348,1,1
63,419,1002481,,1515GAoWxQ6fv9VTGFuwzYDWfdmFqdRX4zmpDjsnAMDHV387,1515GAoWxQ6fv9VTGFuwzYDWfdmFqdRX4zmpDjsnAMDHV387,100.00,10000000000,22239897846189059,1,4
63,419,1002481,,16fL6kGX64fQ8cCvRu15idGS1VZnLiCZkkDWQer981ux5FRA,16fL6kGX64fQ8cCvRu15idGS1VZnLiCZkkDWQer981ux5FRA,10.00,3821505370246,21771108773780812,7,39
63,419,1002481,,15yyudqwLHT6VcKdEug98wt1rCbyg5TBvr6ikakL4rNVAYXf,15yyudqwLHT6VcKdEug98wt1rCbyg5TBvr6ikakL4rNVAYXf,100.00,10000000000,30100748891539050,1,3
63,419,1002481,P2P.ORG / 6,121gZtuuG6sq3BZp1UKg8oRLRZvp89SAYSxXypwDJjaSRJR5,121gZtuuG6sq3BZp1UKg8oRLRZvp89SAYSxXypwDJjaSRJR5,3.00,11324497864473,25777291098749257,12,144
63,419,1002481,Jaco / v04,15a9ScnYeVfQGL9HQtTn3nkUY1DTB8LzEX391yZvFRzJZ9V7,1363HWTPzDrzAQ6ChFiMU6mP4b6jmQid2ae55JQcKtZnpLGv,1.00,10000000000,25876755792298484,8,26
63,419,1002481,Zug Capital / 09,1zugcaiwmKdWsfuubmCMBgKKMLSef2TEC3Gfvv5GxLGTKMN,1zugcaiwmKdWsfuubmCMBgKKMLSef2TEC3Gfvv5GxLGTKMN,0.00,10000000000,25776162160783840,31,366
63,419,1002481,Able Wanderer / 游내 Mouse-3,16Asi8JS7rqSGwB4qSfT2Q1wAJwoa1czzrnRz8vqYn1yv6r4,16Asi8JS7rqSGwB4qSfT2Q1wAJwoa1czzrnRz8vqYn1yv6r4,100.00,10000000000,21473665298695354,1,6
63,419,1002481,Able Wanderer / 游낻 Pussy Galore-1,14TQq9qpindSq25rqa9sbEGtmLWDLvjPWnvEuDrnRYeWUk7i,14TQq9qpindSq25rqa9sbEGtmLWDLvjPWnvEuDrnRYeWUk7i,5.00,10000000000,25721730539718637,4,8
63,419,1002481,Listen,1hJdgnAPSjfuHZFHzcorPnFvekSHihK9jdNPWHXgeuL7zaJ,1hJdgnAPSjfuHZFHzcorPnFvekSHihK9jdNPWHXgeuL7zaJ,10.00,1608497034521388,25775943598608896,25,82
63,419,1002481,Cryptium Labs / 8,1CaJVhASzfgWsWTFezH47mruKJzcB2dPSZNYE3gGAaGpqoz,15r4r349U79iziWaZLD61rqVJWCnNZtmvWztWYS4B8cDxA34,5.00,6054426555654,25858643786123907,3,23
63,419,1002481,Anson & Fabio,13YK1sHixcvVPc6v7q1F1p7e66dgoVjcSHnfv4cFJcuKbNke,13YK1sHixcvVPc6v7q1F1p7e66dgoVjcSHnfv4cFJcuKbNke,2.00,44435603950742,30292287067473843,7,36
63,419,1002481,Zug Capital / 11,1zugcawsx74AgoC4wz2dMEVFVDNo7rVuTRjZMnfNp9T49po,1zugcawsx74AgoC4wz2dMEVFVDNo7rVuTRjZMnfNp9T49po,0.00,10000000000,25777627131941877,22,230
63,419,1002481,,1qFBkRovtyKwWznGdQrA2qvmpndhM513TPoWf6f4oTVReLs,14oajNRwAwUXRta856MHVtKnM9n3c5SYNLvTBFFtbntpNTtd,20.00,60972473628585,20714131080038058,1,2
63,419,1002481,,1cFV5Z8xgsRGE3JwfvK54F9mMTWvunoyRA7YADk2by33xtp,1cFV5Z8xgsRGE3JwfvK54F9mMTWvunoyRA7YADk2by33xtp,100.00,10000000000,33312272946291899,1,3
63,419,1002481,Polkadot.pro - Realgar / ondin,13ond4N8gejhNeYFxAiCtDymHvgsyQMW3L2kvKMEPtmvi3Cu,12NbNTnojUb89rhajWeDWThW9N6YhBMJwZ9WRpmn9j1o2uGj,1.00,2323039621094,25775177845684822,14,102
63,419,1002481,STAKING FACILITIES / STAKING FACILITIES #2,165JpxmCRi28GwbFAjjrD74FTfGdLfHi1LUGMaYLjziDvi4r,14G9MzVyQED8s5N8hDiKsRhXQ6eDDEPCmxdefUSqvezqJqoG,8.00,10000000000,25775625295229155,9,32
63,419,1002481,P2P.ORG / 42,15MeTQLVSPPXhLHqL7ujSiqDVmkJpf4rd97zDX9Dj1NkqkWP,15MeTQLVSPPXhLHqL7ujSiqDVmkJpf4rd97zDX9Dj1NkqkWP,3.00,1000000000000,23087234353912249,4,17
63,419,1002481,Able Wanderer / 游내 Mouse-10,15UtQRzd9oM2UznsAsfi6rRAh2oo5vjoXgeaqf8rJBKhnTrr,15UtQRzd9oM2UznsAsfi6rRAh2oo5vjoXgeaqf8rJBKhnTrr,100.00,10000000000,21473457928587778,1,6
63,419,1002481,,128xoAmYDMLixg9Dv4sQz3vJnG94Jt1s2hp37PR8CQZMMMfp,128xoAmYDMLixg9Dv4sQz3vJnG94Jt1s2hp37PR8CQZMMMfp,10.00,3704569628346,21753785855790033,4,43
63,419,1002481,,14xH1XegfvaqXkmPe2mRQQGzPX6HUQ5V11UXcMf3wWKxfLyX,14xH1XegfvaqXkmPe2mRQQGzPX6HUQ5V11UXcMf3wWKxfLyX,100.00,10000000000,30431018708515509,1,3
63,419,1002481,,12eA9gosVR5Qa2hnibGZFNYSbxG3pafNeVGGi5eJQueautfX,12eA9gosVR5Qa2hnibGZFNYSbxG3pafNeVGGi5eJQueautfX,100.00,28100000000000,20363467392080568,2,19
63,419,1002481,,14FYEWpz2JtBBNp2a2KHLr4d6NB3AJX16Zhr4KjAuoL2kxdR,128p5Gw8FkY2gBomgMnjExdCDFahxwrhhFggAHJNSbLjW88a,100.00,100000000000,20007729510948348,1,1
63,419,1002481,Hypersphere / Hypersphere-3,13WPYFoR3zuCQqCxEaTTvJRB2KthyxtvNkoW2vn5SmhdkLmC,13WPYFoR3zuCQqCxEaTTvJRB2KthyxtvNkoW2vn5SmhdkLmC,100.00,10000000000,22242946598764019,2,4
63,419,1002481,,12eDfoz2ufNGpPzDE8KTKbFMZpfPC8w4T11xqC8GrXBpFmsr,12eDfoz2ufNGpPzDE8KTKbFMZpfPC8w4T11xqC8GrXBpFmsr,100.00,10000000000,30102436129793729,2,3
63,419,1002481,P2P.ORG / 29,1737bipUqNUHYjUB5HCezyYqto5ZjFiMSXNAX8fWktnD5AS,16La3ptMXGKyjXeoZJYwLyqkg2GwtPAKnFwwKA1rzqUzwgbv,0.00,3328768963953,25776726868546659,41,216
63,419,1002481,Zug Capital / 02,1zugcaaABVRXtyepKmwNR4g5iH2NtTNVBz1McZ81p91uAm8,1zugcaaABVRXtyepKmwNR4g5iH2NtTNVBz1McZ81p91uAm8,0.00,10000000000,25776288130509855,36,290
63,419,1002481,,16jfCiPqr2ior6TZGnjeTvw573AUTWu6t62wEUuSVvWkeMCb,12KPWZunw4aTqUpTUMtWnK19maT2gttuwZk2B8fxZLcEtkYp,20.00,57633676403479,20714818239656307,1,3
63,419,1002481,,12CNc91f5jHYGTjroUQ97ZhEjXv8MKmuLGGAZjqLY6FhKeex,12CNc91f5jHYGTjroUQ97ZhEjXv8MKmuLGGAZjqLY6FhKeex,10.00,10000000000,21768958908913734,22,53
63,419,1002481,,13pozTrjJ2KgPVu1spMsbGmqb6wnqf8wkchm64TU5GwZErta,13pozTrjJ2KgPVu1spMsbGmqb6wnqf8wkchm64TU5GwZErta,100.00,100000000000,20763211863889525,2,43
63,419,1002481,Able Wanderer / 游내 Mouse-1,1264tb9azwmsVruJFTQ3PKb8yCPjniBVyUV8ppsmbXz8D2Bw,1264tb9azwmsVruJFTQ3PKb8yCPjniBVyUV8ppsmbXz8D2Bw,100.00,10000000000,21476280321732690,2,6
63,419,1002481,CP287-CLOUDWALK,16GDRhRYxk42paoK6TfHAqWej8PdDDUwdDazjv4bAn4KGNeb,126PvMw34oFYv5miwXQ3JXVP5eav8T1hkkYsiHijExJ4JorP,4.00,1038932944528364,30136202683553623,4,46
63,419,1002481,,1xUnFyevLrrtbC4VY8gaNaJouK3LqUz87cHk51Z8kFytAD3,1xUnFyevLrrtbC4VY8gaNaJouK3LqUz87cHk51Z8kFytAD3,100.00,10000000000,25771960103191210,1,2
63,419,1002481,DragonStake 游,1dGsgLgFez7gt5WjX2FYzNCJtaCjGG6W9dA42d9cHngDYGg,1Dra4D6KLj6V8MsWaSuLdZv8ni77z1p34jTb46J1zHX9WdB,1.00,55675169808856,25775922961142424,18,135
63,419,1002481,P2P.ORG / 9,13giQQe5CS4AAjkz1roun8NYUmZAQ2KYp32qTnJHLTcw4VxW,13giQQe5CS4AAjkz1roun8NYUmZAQ2KYp32qTnJHLTcw4VxW,0.00,12712149408856,25775068204276890,18,107
63,419,1002481,,157xxgJ9kvYHmySkxAHD9k6jhBoaj8wmwuGaN3pRKStwBNC7,157xxgJ9kvYHmySkxAHD9k6jhBoaj8wmwuGaN3pRKStwBNC7,10.00,2435524841136,21755292051594330,6,39
63,419,1002481,IOSG Ventures / 03,15Xi8RgZwRHhLbLabUx7jYXXHeLkwnijjyD3oaRHYUy6nwWa,15Xi8RgZwRHhLbLabUx7jYXXHeLkwnijjyD3oaRHYUy6nwWa,5.00,21567692567392,25775395035807809,13,26
63,419,1002481,,13nxBM9AFRKUmmUkUo8D9eGoZeJJ5XPiJ3eCtMixcHdyXGbk,164sq5RX8jKBsVJMQ4zdj3ASGvczKXBY3c1h4mfu7fmn3EX5,20.00,52321098874256,20713531618970439,1,3
63,419,1002481,,1KmtAWkiVGRdMB9mBV6JVAcRw7ce8tZKY3L5ZH7uTNK4yMx,1KmtAWkiVGRdMB9mBV6JVAcRw7ce8tZKY3L5ZH7uTNK4yMx,100.00,19100000000000,20365470458640421,7,19
63,419,1002481,,14UieaEqDLiybuL5zHYribzkJGgEN8jJr77j9QdsJeaEUT1F,14MSDgASZCW1S6cRYdiPmwTnagmgLCp5J87gtQNsuyfCC3pU,100.00,100000000000,20007729510948348,1,1
63,419,1002481,Hypersphere / Hypersphere-7,149D7msqAy9yjFC5msZmow4nLDvJqs5LSmtjLPwGmtY2Hso5,149D7msqAy9yjFC5msZmow4nLDvJqs5LSmtjLPwGmtY2Hso5,100.00,10000000000,22241422222476539,2,4
63,419,1002481,ZKValidator / ZKValidator 1,14pU6dcr5jgMpFZDGB1fwcU6LztP5pszTk5mYz8nUXBu59mU,14pU6dcr5jgMpFZDGB1fwcU6LztP5pszTk5mYz8nUXBu59mU,8.00,10000000000,25795590398889423,2,10
63,419,1002481,,16X3K5R15mvc4SmCUKBw9WfW718fRqXdDAKim1S7TxEXCDzQ,16X3K5R15mvc4SmCUKBw9WfW718fRqXdDAKim1S7TxEXCDzQ,100.00,10000000000,21280738713150530,1,1
63,419,1002481,Able Wanderer / 游낻 Cat-1,13udQHLoe9iGuAbxhTz8HSTYPqBeTSDfx3cvowik9kJessPG,13udQHLoe9iGuAbxhTz8HSTYPqBeTSDfx3cvowik9kJessPG,100.00,10000000000,21473822288721930,1,6
63,419,1002481,P2P.ORG / 12,14AkAFBzukRhAFh1wyko1ZoNWnUyq7bY1XbjeTeCHimCzPU1,14AkAFBzukRhAFh1wyko1ZoNWnUyq7bY1XbjeTeCHimCzPU1,0.00,1764398504715,25775101158173297,23,137
63,419,1002481,SNZPool,1k3BnDokEUazQLdMrnJyhJtBUHqNLwB7WjhaDBv9QL7sp2Q,1k3BnDokEUazQLdMrnJyhJtBUHqNLwB7WjhaDBv9QL7sp2Q,1.00,2765823782087,25775353132444837,3,30
63,419,1002481,,14Y4s6V1PWrwBLvxW47gcYgZCGTYekmmzvFsK1kiqNH2d84t,16Pvbo878CMsQET8KvLpCVm1y8omNgBNMCqRyLdnwwfsEZd8,10.00,20155737317072,27558516553229652,2,5
63,419,1002481,Zug Capital / 12,1zugcavYA9yCuYwiEYeMHNJm9gXznYjNfXQjZsZukF1Mpow,1zugcavYA9yCuYwiEYeMHNJm9gXznYjNfXQjZsZukF1Mpow,0.00,10000000000,25874195339884776,1,28
63,419,1002481,,1ZEN9ctoGTGhPxBZUCZE29W6TyzW2amxmrSdKRwhyobG6pS,1ZEN9ctoGTGhPxBZUCZE29W6TyzW2amxmrSdKRwhyobG6pS,10.00,10000000000,21753478860116216,3,42
63,419,1002481,P2P.ORG / 5,15oKi7HoBQbwwdQc47k71q4sJJWnu5opn1pqoGx4NAEYZSHs,15oKi7HoBQbwwdQc47k71q4sJJWnu5opn1pqoGx4NAEYZSHs,3.00,7858475817307,25774959122354067,14,103
63,419,1002481,Cryptium Labs / 5,155Dmh4ySiMA5vWd8vqaEGAkK8RyWBihSMmHrDpj3DjHvX8m,139YKj2w3d3BRawhyYWRrHQRyuxoukAxwQv5XcRiwbfYWNhp,5.00,7872800359186,25774766881303344,15,55
63,419,1002481,,15DuZrrdihPLjMxX3eEYrN3DRc25nEJUFtYk7oHHs6xeh4bZ,14X5hyvHLuGKA8hzG5mdNcdtMkEc1syj2b9QztL8PFZQnS5r,20.00,31831965728050,20713172270041006,1,4
63,419,1002481,Able Wanderer / 游낻 Cat-6,12reLvFFsVGfH3FY8vzroJuftNBbqJyrrjjNPiFHXnp5kUST,12reLvFFsVGfH3FY8vzroJuftNBbqJyrrjjNPiFHXnp5kUST,100.00,10000000000,21490106253910124,1,3
63,419,1002481,Ryabina /  5,1HZMocNpdw6VYS1aKyrdu1V7kHpbdCvhL8VKayvzVzqTf6H,1NUJjLoDriu5Vm5TTefFVjYsnQ8BoCNZPNztkYg1wMp2GeK,1.00,3061372676960,25775184987676122,19,96
63,419,1002481,Able Wanderer / 游내 Mouse-4,15oTVrSsB9VU7EwvJ4WJ2QSb7ehfyWirbtVcTFcYd7PhpD1V,15oTVrSsB9VU7EwvJ4WJ2QSb7ehfyWirbtVcTFcYd7PhpD1V,100.00,10000000000,21473602034790570,1,6
63,419,1002481,,1iWxBav4YCEtYCVNL5dSJcYSTVoyPnzdoVrHFXbSAm3xyye,1vFTxZrkcB5yomc3K99uFh9Vq1Kz47UrDEek8d88fuZu8xP,100.00,100000000000,20007729510948348,1,1
63,419,1002481,Hypersphere / Hypersphere-2,13Dfa58XRdXMQwwteaDDTs3cqwPRCYKpHkVGYLXA7Apgnf9H,13Dfa58XRdXMQwwteaDDTs3cqwPRCYKpHkVGYLXA7Apgnf9H,100.00,10000000000,22239897846189059,1,4
63,419,1002481,,14Y6TZaNAS43At4ovGMULSuGkdE7svmn6zqicWBkSiVd7A4T,14Y6TZaNAS43At4ovGMULSuGkdE7svmn6zqicWBkSiVd7A4T,100.00,9460000000000,20364411373769741,4,19
63,419,1002481,,15dPFENfyioL2UGjZbhzsQJ65rrxD6EXFmL4oqGnAuR7prwT,15dPFENfyioL2UGjZbhzsQJ65rrxD6EXFmL4oqGnAuR7prwT,100.00,100000000000,20763631251163500,27,43
63,419,1002481,,15zDWoFYi5m2VMb9yXeBa8CozgRDGEXoW14WLXPXPXGj9kvi,15zDWoFYi5m2VMb9yXeBa8CozgRDGEXoW14WLXPXPXGj9kvi,10.00,10000000000,21753910024107176,4,36
63,419,1002481,,12rzRcApPzZ3CFrbPWCXzaSuJYtoyiWADvLrRHK4TuCSQi1p,12rzRcApPzZ3CFrbPWCXzaSuJYtoyiWADvLrRHK4TuCSQi1p,10.00,10000000000,21769012781457829,7,37
63,419,1002481,Wei / 2,13eKBARPFWBdXJAKg4fBTNUfcz4YAYfDTetRRApuz1kTDVDg,12VitjVM2D1z2v4WKvg49ihxAk8rYuw7XCQHBDgtiDAZYNQD,0.10,169034364181,25774529659002365,23,57
63,419,1002481,,1Xkz6vJ3PYL67cW2FnVMPWr9unnKCdcwkZ5MKB5AJ9XDawV,16ChYNmAY7nD6YBbhmhQgyp88gDzyG2xabnQz8b5Sn8gDTkR,20.00,31928423779076,20742386933128744,2,2
63,419,1002481,Able Wanderer / 游낻 Pussy Galore-6,1hYyu9C3dupTiKGMNcrCRK6HVPS7LYznuofDXsia3N1W6AK,1hYyu9C3dupTiKGMNcrCRK6HVPS7LYznuofDXsia3N1W6AK,5.00,10000000000,25721559562952494,4,8
63,419,1002481,Able Wanderer / 游내 Mouse-8,1CKUGhSt9nkJ7EcitGvrKN67937XssYvYfdd58KiLKC219S,1CKUGhSt9nkJ7EcitGvrKN67937XssYvYfdd58KiLKC219S,100.00,10000000000,21473910412396755,2,6
63,419,1002481,StakedTech,14tcxHSTAiZf7M4vcLfFdGkGJFjfx6zDqds5QVyz2H24hKgG,14tcxHSTAiZf7M4vcLfFdGkGJFjfx6zDqds5QVyz2H24hKgG,4.00,127087656223229,25776266039920273,31,125
63,419,1002481,P2P.ORG / 13,13uW7auWPX9WAtqwkBx7yagb78PLcv8FAcPZEVCovbXoNJK4,13uW7auWPX9WAtqwkBx7yagb78PLcv8FAcPZEVCovbXoNJK4,0.00,1672819157206,25775361472108969,20,81
63,419,1002481,,12WmM98h4Ar6y7ZyyMKPXwSyuP5GSZvXTbEkDXm1tirbZFW4,12WmM98h4Ar6y7ZyyMKPXwSyuP5GSZvXTbEkDXm1tirbZFW4,8.00,10000000000,25775638207446239,9,19
63,419,1002481,JOIE,15DLJZ4ceN58vEgDiQjK8JsSJuLNBqhUnQ6QCY1QNSjrQntm,15DLJZ4ceN58vEgDiQjK8JsSJuLNBqhUnQ6QCY1QNSjrQntm,0.00,1348265708932728,25775066683291535,37,72
63,419,1002481,Polkadot.pro - Realgar / azimut,14j3azi9gKGx2de7ADL3dkzZXFzTTUy1t3RND21PymHRXRp6,165frkkJasXCD5EE3WCaJFnBJV8p3QUsXmTEHtS9ammy2KYY,1.00,1110000000000,25796159171681083,24,91
63,419,1002481,,1CLA5V51hE6Ps8jZ4Ki6ipqPbJ9NwMtatvscAsQNmXPMgNX,1CLA5V51hE6Ps8jZ4Ki6ipqPbJ9NwMtatvscAsQNmXPMgNX,10.00,1128898265941,21753407516583093,5,35
63,419,1002481,,15wPMo7QyDzZJ2kJtXnnjH5swgLnkykQue4quDGMm54Kdpun,14d45whszHvgyNX5DwETv39niFsrXRgWxjAzNGJ2QRuBZT5k,20.00,31606049103336,20712946353416292,1,4
63,419,1002481,,14yVcx8AtnmaZMCZWVp8AKDgnAYdjeQjAbPL1HbvPxr74Fsf,16H1vG9t6EzS64r4YgLHBEXwKkVG23gE8t84DzXTtUi1ucxv,100.00,100000000000,20007729510948348,1,1
63,419,1002481,Hypersphere / Hypersphere-5,13NdA4Hj19az5XEV8hGLW5ZpwstHwyNJaZtu7U4jJPpNp8dG,13NdA4Hj19az5XEV8hGLW5ZpwstHwyNJaZtu7U4jJPpNp8dG,100.00,10000000000,22239897846189059,1,4
63,419,1002481,,139FVSnE8hkd1vVJmECkAsKeLyAJrS6kKq5TxTJbDEq1YvRc,139FVSnE8hkd1vVJmECkAsKeLyAJrS6kKq5TxTJbDEq1YvRc,100.00,100000000000,20364568877271687,4,19
63,419,1002481,Able Wanderer / 游내 Mouse-9,162DmeD1MHpWQhv8NPz7zbUEfCyTfG4Tuqz7P7852KiY2wXz,162DmeD1MHpWQhv8NPz7zbUEfCyTfG4Tuqz7P7852KiY2wXz,100.00,10000000000,21472771974733401,2,6
63,419,1002481,Cryptium Labs / 2,13WL2qoxU8JLMGvqbJj74gAzUfdvd2zTJdu7icSvTM4orznB,13B8qovqytUoZWDpLTTjyQPRPzWsqu8VktJEuw2JBXsifkXA,5.00,7463361913384,25777178796692352,8,53
63,419,1002481,,16KuUsyfxgQovzp8QXgtJH1K5Tmok6M8hgSoHaGbyyTQtQg,16KuUsyfxgQovzp8QXgtJH1K5Tmok6M8hgSoHaGbyyTQtQg,100.00,10000000000,21279439840548409,1,1
63,419,1002481,,16FUnnZX7h11sxio9wu6DGGqD66z5vXxNLcXuSJFWFAjkaZ5,16FUnnZX7h11sxio9wu6DGGqD66z5vXxNLcXuSJFWFAjkaZ5,10.00,2206455540848,25775035544641059,12,42
63,419,1002481,,13QsfwpQGVuyu4uh7JcfbuBACLMZ3cMr7pF4vE1imuBgXcKN,13QsfwpQGVuyu4uh7JcfbuBACLMZ3cMr7pF4vE1imuBgXcKN,100.00,100000000000,20763051216906996,3,42
63,419,1002481,PURESTAKE / 01,14yx4vPAACZRhoDQm1dyvXD3QdRQyCRRCe5tj1zPomhhS29a,15cXT91Xe2kC1dGKyR5Ad88tnLGAFQk9HtR7e5qdbkEgbWiz,0.00,10000000000,25774872269193476,7,26
63,419,1002481,,153uHgQYh3DxFKNKVqRuoftD4pmmAiUvw41p1UgUstLnKLwh,14EG9n4dYvQuuUt91KswJoVbjhwnrpvdk8v3hnYDz7uQPaqS,20.00,27821675372779,20713187936529090,1,2
63,419,1002481,,16JcdktXy1ykqPPtQsu4jrtSg7nBfBxKShe64oLxJkeaEb5h,16JcdktXy1ykqPPtQsu4jrtSg7nBfBxKShe64oLxJkeaEb5h,10.00,10000000000,21755433766326652,12,30
63,419,1002481,Polkadot.pro - Realgar / redpenguin,15KDFYfFjdqhp3MDFEtHuyu9kLpXbT7k1zjx78MphViFdCaU,13x8ejDWyFS54Rpca1DXbEJMEzpd49yVxx67j8wDiPfNbbYd,1.00,1049458760000,25775201412853662,21,87
63,419,1002481,P2P.ORG / 40,13Qe2MpQeYCQhFYWimxxXM6epyMy9zDRd7cguxUjMziLKkPL,13Qe2MpQeYCQhFYWimxxXM6epyMy9zDRd7cguxUjMziLKkPL,3.00,1000000000000,23087392441028201,4,16
63,419,1002481,,12GyddkN9Mo7MeEvqcyPSFSX2CNmCECB5ezzdRBvbeujSbqm,15GTKQK56fq8aPUdgMDVCiHFP8oSAK2ytVGYAQ5wsrn6DZ9j,100.00,100000000000,20007729510948348,1,1
63,419,1002481,P2P.ORG / 38,1bwZeqrfVQU69WgDg4exZoLp7abmfgP7btcMnfijCyX9zvT,1bwZeqrfVQU69WgDg4exZoLp7abmfgP7btcMnfijCyX9zvT,0.00,1292893453951,25774782911608173,36,67
63,419,1002481,,14VWEJDSWfHyuTSwErEXxFaiCW3i2gf2NPRkZ5igx6rnmqFd,14VWEJDSWfHyuTSwErEXxFaiCW3i2gf2NPRkZ5igx6rnmqFd,100.00,100000000000,20365682043945983,5,19
63,419,1002481,Able Wanderer / 游내 Mouse-5,1F13pZ5nZZsK96UBS8Rjj97wYVtpZvE7SGADiwVrfbkrAWK,1F13pZ5nZZsK96UBS8Rjj97wYVtpZvE7SGADiwVrfbkrAWK,100.00,10000000000,21473665298695354,1,4
63,419,1002481,,16UxGGWGkhRqNWK7jk4XWc3d8HsxZ35pK5ds8SffkZJVN3CA,16UxGGWGkhRqNWK7jk4XWc3d8HsxZ35pK5ds8SffkZJVN3CA,10.00,10000000000,21769482274220481,6,35
63,419,1002481,Zug Capital / 16,1zugcavJYzi2KErZy9CMbLANhfrFwMESgPz9q29eUCR5gTW,1zugcavJYzi2KErZy9CMbLANhfrFwMESgPz9q29eUCR5gTW,0.00,10000000000,25768283675228530,11,15
